id,name,email,password,gender,mobile,user_type,image,birthday,status,user_category
1,yaronyaron,yaronyaron@gmail.com,1,male,1,business_user,1,1/1/1991,1,Antiques
2,adiadi,adiadi@gmail.com,2,male,2,business_user,2,3/4/1987,1,Art and craft supplies
3,yosiyosi,yosiyosi@gmail.com,3,male,3,business_user,3,3/4/1945,1,Art dealers and galleries
4,omeromer,omeromer@gmail.com,4,famle,4,standard_user,4,2/10/1993,1,Camera and photographic supplies
5,chenchen,chenchen@gmail.com,5,famle,5,standard_user,5,3/1/1993,1,Digital art
6,taltal,taltal@gmail.com,6,famle,6,advertiser_user,6,10/11/1994,0,Memorabilia
7,ligalligal,ligalligal@gmail.com,7,famle,7,standard_user,7,2/2/1990,0,Music store (instruments and sheet music
8,moshemoshe,moshemoshe@gmail.com,8,male,0506666666,business_user,8,9/9/1990,1,"Sewing, needlework, and fabrics"
9,daviddavid,daviddavid@gmail.com,9,male,0506873833,standard_users,9,1/4/1991,0,Stamp and coin
10,guyguy,guyguy@gmail.com,10,male,050110324,standard_users,10,4/4/1987,1,"Stationary, printing and writing paper"
11,Travis Chase,adipiscingMauris@Praesentluctus.org,1640041508699,male,0399 215 6394,standard_users,11,27/2/1988,1,Vintage and collectibles
12,Allistair Pruitt,etnunc@fermentumconvallisligula.org,1686041,famle,01843104919,business_user,12,12/1/1993,0,Clothing
13,Kermit Simon,Crasdictum@ascelerisque.org,1628043099399,male,0116048 2874,business_user,13,14/5/1995,0,Furniture
14,Sylvester Gilliam,tempus@Nulla.org,1683102126899,male,0172006889,advertiser_user,14,15/6/1985,1,Baby products (other)
15,Clark Carroll,nec@rutrumurnanec.org,1696040705899,male,0276429 6348,advertiser_user,15,3/5/1977,1,Safety and health
16,Ivan Berger,sapiengravidanon@vitae.org,1681032307999,male,0898 336 8809,standard_users,16,16/6/2002,0,Bath and body
17,Asher Thornton,ultrices@erat.net,1663102563799,male,0500045418,standard_users,17,24/3/1987,1,Fragrances and perfumes
18,Wang Emerson,aliquam@ametultriciessem.edu,1689082687699,famle,01346496219,business_user,18,19/5/1995,0,Makeup and cosmetics
19,Price Case,lorem@gmail.con,1649081051999,famle,014739 93236,standard_users,19,20/2/1997,0,Audio books
20,Emerson Webb,Emerson Webb@erat.net,1611062179799,male,08352592362,standard_users,20,23/4/1996,1,Digital content
21,Troy Kirby,odio@Cras.com,1631061626699,famle,08454640,standard_users,21,25/12/1993,1,Educational and textbooks
22,Salvador Larson,sapienmolestie@senectus.c,1628060876299,male,03424699414,business_user,22,5/6/2001,0,Fiction and nonfiction
23,Logan Campbell,Fusce@mienimcondimentum.net,1642022598599,male,08004774407,standard_users,23,7/9/2004,0,Magazines
24,Wallace Reed,vestibulum@Integer.com,1631090948799,famle,7641017030,business_user,24,12/7/1998,1,Publishing and printing
25,Bevis Bernard,nascetur@Aliquamauctor.com,1667031824099,famle,800206937,standard_users,25,13/8/2013,0,Rare and used books
26,Stephen Holmes,Duis@aliquet.edu,1658030603399,male,500087225,business_user,26,14/1/1976,1,Accounting
27,Channing Mercer,libero@libero.com,1620122232999,male,02166184917,advertiser_user,27,20/5/1996,1,Advertising
28,Ivan Vance,porttitor@loremloremluctus.com,1674030943399,male,7064366825,standard_users,28,21/9/1990,1,Agricultural
29,Fitzgerald Huffman,urna@quislectus.com,1638122135199,famle,164498048,advertiser_user,29,3/10/2001,0,"Architectural, engineering, and surveying services."
30,Xander Mcdowell,quis@luctuslobortis.edu,1640112449199,famle,8786515875,standard_users,30,3/5/2005,0,Chemicals and allied products
31,Norman Griffith,ornare@orciPhasellus.com,1658060219199,male,8009943620,advertiser_use,31,6/61991,1,"Commercial photography, art, and graphics."
32,Reed Rocha,dui@rhoncusid.com,6021919912122,famle,08001111,standard_users,32,4/11/2003,0,Construction
33,Aristotle Day,nibh@egestasrhoncusProin.com,1625021854099,famle,"07028836641
0800111",standard_users,33,2/4/1993,1,Consulting services
34,Lyle Rasmussen,imperdiet@luctussit.com,1604062528399,famle,1978476685,advertiser_use,34,6/11/2005,0,Educational services
35,Amir Hardy,Suspendisse@Aeneangravidanunc.co,1623020878199,male,169776176,business_user,35,13/12/1993,0,Equipment rentals and leasing services
36,Keegan Marks,interdum@etrisusQuisque.net,1672020547899,male,1357875209,standard_users,36,14/5/1986,1,Equipment repair services
37,Kane Prince,Sed@sedhendrerit.edu,1615040756999,male,8001111,standard_users,37,23/9/1981,1,Hiring services
38,Bruce Lancaster,Mauris@Maecenasmalesuada.org,1699101363399,male,7086052852,advertiser_use,38,7/1/1984,1,Industrial and manufacturing supplies
39,Axel Rodriguez,Integer@odioapurus.com,1687050169399,famle,169773257,business_user,39,5/12/1983,1,Mailing lists
40,Chaim Leon,eget@esttempor.com,1674030352299,male,050666932,business_user,40,4/3/1987,1,Marketing
41,Nasim Hutchinson,ligula@scelerisquescelerisque.com,1617103035999,male,7624582648,advertiser_use,41,20/2/1993,1,Multi-level marketing
42,Adrian Scott,adipiscing@Curabiturconsequatlectus.net,1611120516099,famle,1458273036,standard_users,42,24/5/2003,1,Office and commercial furniture
43,Herrod Browning,Fusce@scelerisquenequeNullam.com,1687092563499,male,2827792186,advertiser_use,43,23/4/1992,1,Office supplies and equipment
44,Todd Jimenez,liquet@atfringillapurus.co,1606062875599,male,5539690072,business_user,44,4/11/2003,1,Publishing and printing
45,Hamilton Coope,facilisi@velit.co,1616122564699,male,8404743864,standard_users,45,20/6/1987,1,Quick copy and reproduction services
46,Drake Dorsey,Fusce@Sedegetlacus.org,1660062267999,male,1191513456,advertiser_use,46,13/1/1985,0,Shipping and packing
47,Jameson Haley,nonummy@disparturient.org,1642121754399,male,7624124650,business_user,47,8/1/1976,0,Stenographic and secretarial support services
48,Boris Cotton,consectetuer@faucibusleoin.com,1689091394799,male,7035162673,advertiser_user,48,4/2/1979,1,Wholesale
49,Bruno Pena,metus@Nullatincidunt.co.uk,1637734992329,male,8006529614,standard_users,49,15/12/1973,0,Children & clothing
50,Harding Warren,est@euismodet.edu,1606023048399,famle,1445739536,business_user,50,3/8/1974,1,Men  & clothing
51,Kenneth Austin,est@leo.net,1635021572899,famle,7622972060,advertiser_user,51,8/9/2003,1,Women  & clothing
52,Berk Duran,commodo@dictum.com,1643052777499,male,1106409599,standard_users,52,6/19/1991,0,Shoes
53,Allistair Rosales,In@eu.com,1684041535999,famle,9386793948,advertiser_user,53,3/14/1994,0,Military and civil service uniforms
54,Daquan Craig,ligula@nisidictum.co,1630062479599,famle,181380668,standard_users,54,3/22/1995,1,Accessories
55,Gil Carver,mi@metussit.edu,1605061820599,famle,1913253144,standard_users,55,2/22/2003,1,Retail (fine jewelry and watches)
56,Caesar Roberson,ac@Sed.com,1604051366599,male,1780113560,standard_users,56,5/3/2008,0,Wholesale (precious stones and metals)
57,Kadeem Barker,vitae@id.edu,1646102194499,famle,7075425745,advertiser_user,57,9/17/1987,1,Fashion jewelry
58,Galvin Guerrero,vitae@Nam.org,1601120184699,male,8454649,standard_users,58,1/3/1976,0,Computer and data processing services
59,Octavius Osborne,Proin@Integervulputate.net,1647040997199,male,1711428524,advertiser_user,59,7/3/1982,0,"Desktops, laptops, and notebooks"
60,Laith Adkins,fringilla@famesacturpis.edu,1654112520499,famle,8454648,advertiser_user,60,11/9/1998,1,Commerce services
61,Paki Kane,Duis.at@elitsed.com,1635100468999,male,8001111,standard_users,61,3/19/2000,1,Maintenance and repair services
62,Brent Howard,primis@orciconsectetuer.com,1675082097899,male,04045444,standard_users,62,7/14/1994,0,Monitors and projectors
63,Micah Woodard,aliquam@et.org,1627041279199,male,9268818891,standard_users,63,7/27/2008,0,Networking
64,Ishmael Garcia,sem@egetvariusultrices.ca,1628071605799,famle,290992642,business_user,64,10/1/1993,1,Online gaming
65,Christopher Horn,diam@imperdietdictum.ca,1693051449199,famle,1568641720,business_user,65,3/17/2007,0,Parts and accessories
66,Raphael Wagner,adipiscing@gravidamolestie.ca,1618051553299,famle,113287588,advertiser_user,66,8/17/1976,1,Peripherals
67,Henry Frank,Nam@milacinia.org,1642080128499,famle,762420914,advertiser_user,67,1/18/1988,1,Software
68,Gregory Guy,lacus@in.com,1608081392199,male,015163815,standard_users,68,2/21/1994,1,Training services
69,Xavier Pacheco,leo@nullaDonecnon.ca,1611052435799,male,8097435,standard_users,69,7/1/1997,0,Web hosting and design
70,Tobias Gilbert,Fusce@DonectinciduntDonec.org,1644020337299,male,293620085,business_user,70,1/20/2000,0,Business and secretarial schools
71,Maxwell Gordon,nec@nibhenimgravida.com,1679031489599,male,7901129459,standard_users,71,3/3/2000,1,Child daycare services
72,Hayes Reynolds,enim@Donecnibh.ca,1650043021799,famle,7615803764,standard_users,72,3/3/2000,0,Colleges and universities
73,Grant Phillips,enim@arcuCurabitur.org,1659051979599,male,9654087221,standard_users,73,8/4/1978,1,"Dance halls, studios, and schools"
74,Blake Oliver,erat@Ut.org,1666091895999,male,800573349,business_user,74,4/3/1999,0,Elementary and secondary schools
75,Hector Cash,mi@diamnunc.com,1615040623599,male,7083938921,standard_users,75,1/9/2004,0,Vocational and trade schools
76,Brendan Cox,malesuada@penatibusetmagnis.com,1647040629899,male,9308870854,business_user,76,9/6/2008,1,"Cameras, camcorders, and equipment"
77,Emerson Hansen,at@ligula.net,1658053085899,male,16970235,standard_users,77,10/5/2008,1,"Cell phones, PDAs, and pagers"
78,Cedric Kirby,libero@Crasdolordolor.org,1620011085099,famle,181492884,business_user,78,2/9/1974,1,General electronic accessories
79,Alden Browning,nisi@purusactellus.net,1667110551699,famle,050080100,advertiser_user,79,12/10/1988,1,Home audio
80,Noble Moody,ac@risusDuisa.co,1690102415499,male,8454643,standard_users,80,7/1/2001,1,Home electronics
81,Robert Duke,sem@tinciduntadipiscing.ca,1683081378499,famle,16977302,advertiser_user,81,7/6/1994,1,Security and surveillance
82,Leonard Mccarty,a@necquam.ca,1673011976999,male,9848261976,standard_users,82,8/13/1978,1,Telecommunication equipment and sales
83,Hall Chang,nulla@arcuvelquam.org,1663011468899,male,80011196,advertiser_use,83,8/4/1991,1,Telecommunication services
84,Jack Cole,leo@seddictumeleifend.org,1636080931399,famle,1.1103E+11,standard_users,84,8/8/2004,1,Telephone cards
85,Rashad Roberts,vulputateullamcorpermagna.co,1620042366899,famle,1.14492E+11,standard_users,85,7/2/1976,1,Memorabilia
86,Odysseus Duffy,dui@Donecegestas.ca,1665080799699,male,908952,advertiser_use,86,2/2/2012,0,Movie tickets
87,Dexter Perry,Nunc@Quisqueporttitoreros.com,636041783699,male,1149783159,business_user,87,11/8/2014,0,"Movies (DVDs, videotapes)"
88,Garrett Chandle,sem@semconsequatnec.co.uk,1697010187899,male,561950831,standard_users,88,9/1/1995,1,"Music (CDs, cassettes and albums)"
89,Logan Harvey,fermentum@quismassaMauris.org,1671030700099,famle,8001111,standard_users,89,9/12/1993,0,"Cable, satellite, and other pay TV and radio"
90,Kamal Hart,ut@tellusSuspendissesed.co,1629031029499,famle,5664630464,advertiser_use,90,8/4/1991,1,Adult digital content
91,Donovan Hunter,neque@a.net,1667101771299,male,50042225977,business_user,91,7/3/1991,1,Concert tickets
92,Palmer Spence,.velit@Nulla.net,1620040833299,famle,733718088,business_user,92,5/4/1976,0,Theater tickets
93,Reese Parrish,euismod@Sed.edu,1688041316399,famle,285738183,advertiser_use,93,5/5/1974,0,Toys and games
94,Hayden Mcdonald,consequat@dolorsitamet.co,1604090478299,famle,500307779,standard_users,94,4/3/1988,1,Slot machines
95,Graham Beard,vel@acrisusMorbi.org,1688072240199,male,554334396,advertiser_use,95,5/9/1989,1,Digital content
96,Malcolm Tanner,adipiscing@ornaretortorat.c,1633031584199,male,5682625854,business_user,96,8/2/1995,0,Entertainers
97,Garth Bowman,at@nonummy.net,1675092660399,male,244203034,standard_users,97,8/18/1991,1,Gambling
98,Jacob Day,idiculus@risusaultricies.edu,1650042147699,male,288293113,advertiser_use,98,5/7/1993,0,Online games
99,Buckminster Carter,Ut@afelis.net,1606072759899,famle,9289862,business_user,99,11/5/2001,0,Video games and systems
100,Eric Calhoun,orci@quispede.edu,1699102004099,male,800111,advertiser_user,100,9/5/1987,1,Accounting
101,Clark Dillon,sagittis@Fuscedolorquam.ca,1695022567999,male,112332717,standard_users,101,9/9/1978,1,Collection agency
102,Baker Singleton,Curabitur@adipiscingfringilla.co,1619062810999,famle,93744314,business_user,102,3/31/1994,0,Commodities and futures exchange
103,Bernard Orr,libero@eu.ca,1667062426499,male,702768087,advertiser_user,103,4/1/2012,0,Consumer credit reporting agencies
104,Mohammad Owens,mollis@odioNaminterdum.com,1645060710599,male,84564563,standard_users,104,6/5/1986,1,Debt counseling service
105,Thaddeus Reid,interdum@semsempererat.org,1601081369099,male,111028812,advertiser_user,105,4/14/1986,0,Credit union
106,Moses Rowe,.tincidunt@accumsan.edu,1684072172699,male,16977331954,standard_users,106,4/9/1985,1,Currency dealer and currency exchange
107,Ethan Patterson,orci@sagittis.org,1658063056999,male,157130068,standard_users,107,7/2/1975,1,Escrow
108,Baxter Cardenas,urna@consectetuereuismodest.org",1615111509599,male,16970456,standard_users,108,7/3/1986,1,Finance company
109,Elmo Buchanan,Morbi@volutpat.ca,642021933399,male,5571786238,advertiser_user,109,7/2/2008,0,Financial and investment advice
110,Gavin Hatfield,Gavin@gmail.com,690092788099,famle,8596554121,standard_users,110,9/2/2001,0,Insurance (auto and home)
